0,1,2,3,4,5,6,7,8,9,10,11,12,13,14,15,16,17,18,19,20,21,22,23,24,25,26,27,28,29,30,31,32,33,34,35,36,37,38,39,40,41,42,43,44,45,46,47,48,49,50,51,52,53,54,55,56,57,58,59,60,61,62,63,64,65,66,67,68,69,70,71,72,73,74,75,76,77,78,79,80,81,82,83,84,85,86,87,88,89,90,91,92,93,94,95,96,97,98,99,100,101,102,103,104,105,106,107,108,109,110,111,112,113,114,115,116,117,118,119,120,121,122,123,124,125,126,127,128,129,130,131,132,133,134,135,136,137,138,139,140,141,142,143,144,145,146,147,148,149,150,151,152,153,154,155,156,157,158,159,160,161,162,163,164,165,166,167
-0.882203174207775,-0.3333333333333333,-0.6546539621539427,-0.8570191411751668,0.0,0.0,0.0,0.0,0.0,-0.29341175721515017,-0.4243529889770473,-0.8655719863317928,-0.807547878501483,-0.5953986485023199,-0.7424734952885943,-0.7079196282932263,-0.9447693220685257,0.0,-0.5448125883647595,0.0,-0.3073923333725486,-0.31589984526330245,-0.9273696143830187,-0.9276273496597296,-0.750229119170944,-0.880211630993295,0.0,0.0,-0.6237799220451753,0.0,-0.6410676226062305,-1.1036504154797033,0.0,0.0,0.0,0.0,0.0,-0.727314615002283,-0.8948714812523754,-0.8933281750614219,-0.5413588701064962,2.9999999999999996,-0.29940118896533496,-0.6789625504381888,-1.2417530491326725,-0.4783044113522618,-0.5228532462460943,-0.552336821069022,-0.4444896072800738,-0.2625324814547881,-0.33307856072678316,0.0,-1.1274930335438889,-0.8722598207286244,-0.8572618032322584,-0.8774818655037174,-0.8924939686984809,-0.9475915093850028,-0.9306737999037841,-0.7604839441773374,-0.43317768932787226,-0.3410521502910285,-0.9049884045581094,-0.579698424106256,-0.5960673370233891,-0.7700049160616331,-0.6285070697167131,-0.9447693220685257,-0.9014432794787552,-0.4975108714714161,-0.9434324538775292,-0.17171013063674745,0.05627225373190194,-0.2855018061949043,0.0,0.0,0.0,0.5097052186430374,-0.882212442571464,-0.9049884045581094,-0.9049884045581094,-0.8808363711603245,-0.944332338536773,-0.4919989496710121,-0.9537133641943398,-0.7689562390296465,-0.9226318419612087,0.0,-0.8299214055279203,-0.8164965809277261,-1.0849446577785917,0.0,-0.9061608302014709,-0.3333333333333333,-1.0131267035006328,-0.22703830459324992,-0.5764086675524396,0.0,-0.33218348685203136,-0.3754015445998778,-0.8189284049932967,-1.3540340140023195,-0.7752965284733867,-0.866351392848937,-0.6009891130936651,-0.37199757603223715,-0.3374901971241491,-0.3389302822458156,-0.36400673015241714,-0.9049884045581094,0.0,-0.6148319222120968,-1.2488948914294684,-0.8450936979140202,-1.2314674391787797,-1.0744293569695638,-1.0489537145995416,-0.852164757851266,-0.9885958605157005,0.963386712383544,0.0,-0.8117641750054262,-0.9571281441085131,-0.8674186320963925,-0.6652655987030928,-0.33333333333333337,-0.3479717154647929,0.0,-0.6857165988117907,-0.9076960007555781,-0.9870899229253935,-0.6079150241910021,0.0,0.0,-0.3333333333333333,-0.3333333333333333,0.0,0.0,0.0,0.0,-0.9455921021982965,-0.8428226961897669,-0.6882602695193313,-0.36191051290223486,-0.37498862638133645,-0.8231207372201835,-0.7857649913362605,-0.5399724892838301,-0.5569734122475866,-0.5730065545180384,-0.3859348603837436,0.0,0.0,-0.4533045589315978,-0.4116959525521934,-1.006526584124093,-1.1890787290754183,-1.0358134303471784,-1.1048838722347205,-1.0936742477004537,-1.0521412766169103,-1.0942586011321371,-0.7981027484593943,-0.8446411667976479,-0.4520860242964299,-0.3708851274181473,0.0,0.0
-0.881616386591676,-0.3333333333333333,-0.6546539129943773,-0.7572829152694948,0.0,0.0,0.0,0.0,0.0,-0.3382899612922444,-0.43435174657685627,-0.8506589378052279,-0.8059541715383994,-0.5953986485023199,-0.7424734952885943,-0.7079196282932263,-0.9435414482272909,0.0,0.8889047494372393,0.0,-0.3731336023288569,-0.3884663918790476,-0.9218325882540634,-0.9228926013701164,-0.9805216980500374,-0.8769647587924974,0.0,0.0,-0.6237799220451753,0.0,-0.7389080693211827,-0.653836563464686,0.0,0.0,0.0,0.0,0.0,-0.727314615002283,-0.8948714812523754,-0.8928498681369371,-0.5382211158230923,-0.3333333333333333,-0.559561077344587,-1.247925581531643,-1.2684839476899248,-0.4622280329120809,-0.5221714409993061,-0.5536312775501678,-0.43491143785188296,-0.34207796691448994,-0.33336517853998926,0.0,-1.1216412343005704,-0.8734665003299578,-0.8567241686129536,-0.8780046872296972,-0.8926522125437641,-0.9505522075977535,-0.9266447264079717,-0.7593327120788836,-0.4304664514696699,-0.33902443533737286,-0.9362036768244878,-0.579698424106256,-0.5976724732480381,-0.7377315344712787,-0.6285070697167131,-0.9435414482272909,-0.9000318443665019,-0.8955893701158011,-0.9451760112818861,-0.17171013063674745,0.05627225373190194,-0.2855018061949043,0.0,0.0,0.0,-0.9745081571956771,-0.8816160536164296,-0.9362036768244878,-0.9362036768244878,-0.9360218162070328,-0.9434463961309406,-0.5759194030685739,-1.137749165312062,-0.9636656429033891,-0.9210157112293094,0.0,-0.8285499640106766,1.2247448713915892,-1.12397144402962,0.0,-0.9055440861085816,-0.3333333333333333,-1.005849018031404,-0.3632612873491999,-0.5520190201242687,0.0,-0.3334770362556608,-0.4831285273890894,-0.8089277668703566,-1.3418787658992573,-0.7745503729538775,-0.8644311172925502,-0.6009079844108363,-0.37199757603223715,-0.3374901971241491,-0.3231660830715916,-0.2538606014319451,-0.9362036768244878,0.0,-0.5186307191205952,-1.2103487528051022,-0.8443191296496164,-1.2289501685476887,-1.0766741116013738,-1.048069815080156,-0.8487897787833866,-1.0006123411345857,-0.5169392115228773,0.0,-0.6809072485176143,-0.5060677543562253,-0.8662153501471153,-0.6649351017835701,-0.33333333333333337,-0.3479717154647929,0.0,-0.6857165988117907,-0.907078935294431,-0.982429441702894,-0.8254591680366887,0.0,0.0,-0.3333333333333333,-0.3333333333333333,0.0,0.0,0.0,0.0,-0.9448180313048945,-0.8428226961897669,-0.6882602695193313,-0.3609643821121747,-0.37496238717987335,-0.8235616012711835,-0.7860204083793422,-0.5344128958650194,-0.552928166956978,-0.568484426825951,-0.38441419700892154,0.0,0.0,-0.4533045589315978,-1.0238859973213101,-0.9921885985952597,-1.1793660470781404,-1.0354960413465428,-1.1049817447271706,-1.0927778562252621,-1.0476571769490644,-1.096732697065775,-0.7980817423419934,-0.8420365538225423,-0.4520860242964299,-0.3708851274181473,0.0,0.0
0.8766126885562124,2.9999999999999996,-0.654653765515681,-0.5008183343691955,0.0,0.0,0.0,0.0,0.0,2.999731447553106,2.969909307567928,2.4622990440075654,-0.40612959840321455,-0.5716259531643303,-0.7334643664226493,-0.7079196282932263,0.8831881565244029,0.0,-0.5448125883647595,0.0,2.996019930012261,2.9906770770667803,0.779798416440601,0.8614653746999354,1.4811095803420615,0.28081304774843835,0.0,0.0,-0.6237799220451753,0.0,-0.5389732434254108,1.4185201118902155,0.0,0.0,0.0,0.0,0.0,0.5705987627087834,0.5730740920803382,1.0478735660103136,-0.08324079073657632,-0.3333333333333333,2.964705095544756,-0.007877949661293949,-0.12522397862589787,-0.4617895862273487,-0.52117293923256,-0.3777486007054012,2.849908007467524,2.9991562167707073,2.9999999890466973,0.0,1.4179596021706014,0.11899618748071696,0.46136536388013033,0.25713176824801565,0.17144533807594023,0.19175301221549965,-0.0714600027017615,0.2896775874840681,2.9597756540682396,2.9993864545335343,0.9168692807497988,0.6009853858795857,2.5508022314008856,2.6661610062055168,-0.6285070697167131,0.8831881565244029,0.6695512116551033,2.1754924626244065,0.4666642155461401,2.660696221524501,0.684993113329078,2.9777017454417414,0.0,0.0,0.0,1.6017855602081421,0.8766378061700358,0.9168692807497988,0.9168692807497988,0.9057333481390833,0.48912247410001397,-0.29797877607256734,1.0209718090358166,1.4507812776384796,0.7456461533776977,0.0,0.5170055945950603,-0.8164965809277261,0.8273678685218037,0.0,0.7817639078628221,-0.3333333333333333,0.38688933970734185,2.996905620630899,0.8259960595673886,0.0,2.999999776897317,2.9386309302975744,1.7654959167541835,1.1748133176571347,-0.14894481414637364,-0.005254051961067731,2.906731182035725,2.9978889146787613,2.9999791158183347,-0.22332615496817307,-0.15420458020866087,0.9168692807497988,0.0,2.8183116261514907,1.3667359437953883,0.769821551193752,0.43877270196522045,1.1398170187081615,1.0523354947951509,-0.3129416823144372,-0.6094758969898666,-1.2923480288071931,0.0,-0.35150877839312233,0.5005670178958316,0.8835332415981237,2.656722448421797,-0.33333333333333337,-0.33916811227987287,0.0,-0.6857165988117907,0.7786261011532413,1.4293695909405957,1.1445239123436959,0.0,0.0,-0.3333333333333333,-0.3333333333333333,0.0,0.0,0.0,0.0,0.6630562261065754,-0.2872978266710142,-0.3131832879583481,2.99058567532713,2.978617473415477,0.6850200732444343,0.4278490888660024,-0.5386520858468626,-0.5513151359538334,2.576159710104844,2.9830948465345077,0.0,0.0,0.6162942714875583,1.6953736823424455,1.4643862553448341,0.2988597608227826,0.06676298238046126,0.5066780636143018,1.3761440900683624,0.5801081225093373,0.14233869393671741,2.654630756492364,0.22500513286120294,-0.4503750467582209,-0.3708851274181473,0.0,0.0
0.711618679774889,-0.3333333333333333,-0.6546529482379063,2.434276313712007,0.0,0.0,0.0,0.0,0.0,-0.3382899612922444,-0.12552853479178405,0.8089044513649085,0.6866227361772078,0.47855201966197763,0.861948404249279,1.2260265325249557,0.7681069396158675,0.0,-0.5448125883647595,0.0,-0.32486567064777794,-0.31596097967494163,0.751712423722327,0.7314947353163729,0.6734077729501471,0.8361824205143781,0.0,0.0,0.687372812439193,0.0,2.6855075657021454,2.157500011629173,0.0,0.0,0.0,0.0,0.0,-0.38592160434518463,1.4561858050195575,1.1323527985599953,-0.5523856650455171,-0.3333333333333333,-0.05569532693942463,0.006710846007768981,0.1461974528785114,2.7815759194106726,2.163175004384124,-0.03589341595755964,-0.4454941892454175,-0.34207796691448994,-0.33336517853998926,0.0,0.8349744873392716,0.5067008536612018,0.31550305001228507,0.4574730319378758,0.39042844597366133,0.2686540642310602,0.28945840739006223,2.1898955806029172,-0.11596285991819717,-0.3410521502910285,0.7382853240107959,-0.4633627027868964,-0.5029694359937498,0.061509268442793134,0.23839923334082222,0.7681069396158675,0.8174830536584242,0.5261313003083352,0.7391650175270883,-0.9482795567064027,1.905962075474975,-0.2855018061949043,0.0,0.0,0.0,0.3258293657841686,0.7116325054950039,0.7382853240107959,0.7382853240107959,0.74189340529327,0.9486101747249349,2.6309184473158087,-0.013423229823792618,0.3349001746628372,0.7618519105818964,0.0,0.3924401330366588,-0.8164965809277261,1.6079035935423733,0.0,0.6843576213737781,2.9999999999999996,1.2409295560460134,-0.3632612873491999,-0.6373827861228669,0.0,-0.3334770362556608,-0.20336695116961184,1.15080397468885,1.4456944867302823,0.4312906950638528,0.4642914727455183,-0.003293824522851167,-0.3023158078087894,-0.3302024229420415,2.9978252096315936,2.992827668947683,0.7382853240107959,0.0,0.16658153112010013,0.9427284189273588,-0.14943209285575165,1.455625727265143,0.8679364190753858,0.648416929759543,0.7209930815394398,2.1420978900579044,1.832784477217474,0.0,2.5589297590082114,2.7723711760384515,0.13040951165165923,-0.5560450640881982,-0.33333333333333337,-0.32707865720198975,0.0,1.7039018515929345,0.6851649924288334,0.675536753201302,0.30456180138396133,0.0,0.0,3.0,3.0,0.0,0.0,0.0,0.0,0.8218697710695474,1.1204085496174463,0.25991756326063015,-0.3622698857851997,-0.37649475654531817,1.0134913452426202,0.5694778392547544,-0.12941162289546942,0.0545820977823227,-0.5730065545180384,-0.3861249433055963,0.0,0.0,-0.4047707172951498,1.0118867336909143,0.8908668341915049,1.3062462791834797,0.38300608506575784,0.6559140401020759,0.4856116374175217,0.7403478695801726,1.1346259135958392,0.33438430438748235,0.6177445556368764,0.4818623388179747,-0.059178051327172645,0.0,0.0
-0.8354201979060548,-0.3333333333333333,-0.6546538228685074,-0.40108210846352355,0.0,0.0,0.0,0.0,0.0,-0.3382899612922444,-0.436046621235199,-0.8415526191218056,-0.7354410966432597,-0.5924528397763947,-0.7424734952885943,-0.7079196282932263,-0.9011914209618639,0.0,-0.5448125883647595,0.0,-0.3731336023288569,-0.3884663918790476,-0.8866992123052665,-0.883779415925389,-1.0088020432889924,-0.8614528268531865,0.0,0.0,-0.6237799220451753,0.0,-0.5474811083571457,-0.9108730503304102,0.0,0.0,0.0,0.0,0.0,-0.11037020125376329,-0.7363464602176929,-0.890797019053527,-0.5393285585113524,-0.3333333333333333,-0.5834659835560457,-1.262514377200706,-1.2582028328602124,-0.47999973853322636,-0.5121844061565591,-0.512763698038225,-0.44559233805812354,-0.34207796691448994,-0.33336517853998926,0.0,-1.0585458481404972,-0.8245080825296893,-0.8254665001766632,-0.8565086708807601,-0.888748864360112,-0.9493031630392493,-0.9300855329746435,-0.7601224002125337,-0.4348779571372534,-0.3410521502910285,-0.9107303766251862,-0.579698424106256,-0.5968699051357136,0.16212628163625112,-0.6285070697167131,-0.9011914209618639,-0.8751637019125134,-0.9530933537394902,-0.9353173780572506,-0.17171013063674745,0.05627225373190194,-0.2855018061949043,0.0,0.0,0.0,-1.1543204552952337,-0.8354239153437821,-0.9107303766251862,-0.9107303766251862,-0.9097913033798465,-0.9247150424076275,-0.5355495056615835,-0.9862516527424732,-0.8041749942522872,-0.8845768694858934,0.0,-0.8166998521507426,-0.8164965809277261,-1.0459178715275632,0.0,-0.8645829775147328,-0.3333333333333333,-0.9990596699947624,-0.3632612873491999,-0.6373827861228669,0.0,-0.3334770362556608,-0.483206760492059,-0.8110366880477464,-1.1620407082414401,-0.7624111182201669,-0.8633533467402071,-0.5986972278037502,-0.37168389604666535,-0.3374901971241491,-0.35469448142003956,-0.36925178390101104,-0.9107303766251862,0.0,-0.8222842098603349,-1.2488948914294684,-0.8445971797958127,-1.188689377157834,-1.0655319658834803,-1.0279047334000222,-0.7566898175466412,-1.0194381607708396,-0.3759557901984562,0.0,-0.3424841627732732,-0.5830780648017378,-0.8242429629966995,-0.5677933598484943,3.0000000000000004,-0.3478477210537377,0.0,-0.6857165988117907,-0.8661964785980985,-0.982429441702894,-0.8375449538058936,0.0,0.0,-0.3333333333333333,-0.3333333333333333,0.0,0.0,0.0,0.0,-0.9328199324571639,-0.8216329363861273,-0.6669899295106813,-0.3622698857851997,-0.37649475654531817,-0.8012153046861211,-0.7680135068420887,-0.5397670260487871,-0.5576602875787686,-0.5633032956008458,-0.38089766295464556,0.0,0.0,-0.4198322915417824,-0.8770048478976288,-1.051930204965398,-1.178692511998739,-1.0217947291632588,-1.0835215695492986,-1.067652912558298,-0.9851247737996182,-0.8683340936456079,-0.7899681294958943,-0.8418972697062265,-0.45183401985281774,-0.3708851274181473,0.0,0.0
-0.8791625474698069,-0.3333333333333333,-0.654653956008997,-0.8142750443584502,0.0,0.0,0.0,0.0,0.0,-0.3382899612922444,-0.4243529889770473,-0.33998437388833913,-0.40612959840321455,-0.5716259531643303,-0.6581341889050947,-0.7079196282932263,-0.9414575487743436,0.0,2.6571561327263713,0.0,-0.3731336023288569,-0.3884663918790476,-0.9220738654262636,-0.9218939761264403,-1.004547105721889,-0.8789209992934779,0.0,0.0,-0.6237799220451753,0.0,-0.6793530147990379,-0.31647617445342296,0.0,0.0,0.0,0.0,0.0,-0.38592160434518463,-0.647368178056402,-0.5479822812436742,-0.48784636615746396,-0.3333333333333333,-0.30157436225728573,0.006710846007768981,0.1132978854234315,-0.4534590992174368,-0.5121844061565591,-0.3777486007054012,-0.44402003256830397,-0.34207796691448994,-0.33336517853998926,0.0,-0.26657361998558216,-0.2272076387813198,-0.28419774306542334,-0.21453386269741856,-0.11084849492216384,0.09421959452983283,-0.0714600027017615,-0.7027130243276581,-0.4304664514696699,-0.3410521502910285,-0.9400875489877863,-0.582173652219434,-0.5944622007987401,-0.7491221397384626,-0.6285070697167131,-0.9414575487743436,-0.9003679003456098,-0.9342451303178712,-0.9487815157908959,-0.17171013063674745,0.05627225373190194,-0.2855018061949043,0.0,0.0,0.0,-1.1275687197964297,-0.8791587497511647,-0.9400875489877863,-0.9400875489877863,-0.9399666914848767,-0.9443956201371896,-0.5551227892528516,-1.159140955596622,-0.9876143964547848,-0.9209754547295008,0.0,-0.8263213715451555,-0.8164965809277261,-1.0068910852765347,0.0,-0.9032301670192274,-0.3333333333333333,-1.0198030779521239,-0.3632612873491999,-0.6089281974566675,0.0,-0.3334770362556608,-0.3754015445998778,-0.6733877375489024,-0.09117143365216265,-0.14894481414637364,-0.005254051961067731,-0.25521866687712447,-0.3240493496662635,-0.3320243664875684,-0.35469448142003956,-0.36400673015241714,-0.9400875489877863,0.0,-0.40944530456889094,-0.14207005378695017,-0.18780301303083302,-0.05863686699681836,-0.2956219408932105,-0.24128949132006802,-0.3129416823144372,-0.31427102311924904,-0.3759557901984562,0.0,-0.8117641750054262,-0.5940795377225253,-0.8644597100605381,-0.6610804640274527,-0.33333333333333337,-0.3479717154647929,0.0,-0.6857165988117907,-0.9049659535638364,-0.9975760056760175,-0.7227299889984479,0.0,0.0,-0.3333333333333333,-0.3333333333333333,0.0,0.0,0.0,0.0,-0.9526877520544813,-0.8428226961897669,-0.6882602695193313,-0.36007575098338895,-0.3705279621326102,-0.8179130306177461,-0.7819337356900364,-0.5399513386566933,-0.5578742323540548,-0.5667133548309657,-0.38517452869633256,0.0,0.0,-0.4533045589315978,-0.8533980037019668,-1.047150876455787,-0.08127425342213934,0.06676298238046126,0.056236229195209236,-0.11986832612239474,-0.07082130592949562,0.0031179127193426727,-0.3543012546011492,-0.32467963217911877,-0.4503750467582209,-0.3708851274181473,0.0,0.0
0.18847084785816146,-0.3333333333333333,-0.6546533271762229,1.2588136512523023,0.0,0.0,0.0,0.0,0.0,-0.3382899612922444,-0.04491668565711569,0.2855029019212261,0.18983133323786558,0.2623860401039461,0.9778196616635858,2.0145938373064967,0.30171436102811616,0.0,-0.5448125883647595,0.0,-0.2063583831870644,-0.12173695389716373,0.31269815989277583,0.3108641889003315,0.10422966593611069,0.38683154228498434,0.0,0.0,1.7054358650055543,0.0,0.5585413327684013,0.14940245799070215,0.0,0.0,0.0,0.0,0.0,2.7217808956094607,1.060487356428976,0.44949501480038206,-0.48784636615746396,-0.3333333333333333,-0.30157436225728573,2.4838883506146545,1.8302440619854143,0.8026614227613516,1.8220504917085139,-0.29973705803313316,-0.44402003256830397,-0.34207796691448994,-0.33336517853998926,0.0,0.15052637679041372,0.05517326466550581,0.03599429748738084,0.22746163529866414,0.4693789377828662,0.5162424522723355,0.26902445613444065,1.1385542738984684,0.06541435747713639,-0.3410521502910285,0.2793838209203767,0.10593976324401266,0.5275280202308786,0.7297581107842499,2.4056649909846604,0.30171436102811616,0.224545884120352,0.01575832077441042,0.19055790905618222,-1.2388174220282864,-0.5724486058652741,-0.2855018061949043,0.0,0.0,0.0,0.14161488336202382,0.18845029469104083,0.2793838209203767,0.2793838209203767,0.2852038207630332,0.6008144988353101,-0.33418935071641326,0.22402089914407255,0.5287542659097442,0.3222215789742283,0.0,0.22214566838766225,-0.8164965809277261,0.4371000060115189,0.0,0.32361966707730333,-0.3333333333333333,0.3269404533934632,-0.3632612873491999,-0.6373827861228669,0.0,-0.3334770362556608,-0.25609606257115763,0.21890350759262017,0.6023799440853653,0.10271036234980027,0.3674288313937981,-0.10922760212661652,-0.3240493496662635,-0.3320243664875684,-0.35994921447811423,-0.38498694514679277,0.2793838209203767,0.0,-0.40944530456889094,-0.14207005378695017,0.05006888704005182,0.2272287367079902,0.3341949882118228,0.4866536349316144,-0.2975215193318848,-0.31427102311924904,-0.8459005279465264,0.0,1.0292574114437893,0.0935125198266938,0.3769037219617415,0.6166484581668218,-0.33333333333333337,-0.32094093385475675,0.0,2.015591214689203,0.33119193527547536,-0.10159849065048909,-0.6683439530370262,0.0,0.0,-0.3333333333333333,-0.3333333333333333,0.0,0.0,0.0,0.0,0.17384342147652698,0.7082677214366552,0.03523087302841181,-0.3622698857851997,-0.37649475654531817,0.24178637797031133,0.02096973923700004,-0.46364289746535364,-0.45066537943301177,1.06440702562833,-0.2603850904999981,0.0,0.0,-0.4041290290762087,0.0198699760337477,-0.1558061094133211,0.22214564604049988,0.5274345680952683,0.6082762356102415,0.4626432297633373,0.5779625847543581,0.623784886286899,-0.3543012546011492,-0.471568661245766,-0.3159572028746592,-0.3400230406764666,0.0,0.0
2.324271081801461,-0.3333333333333333,1.5275252296035629,0.012110827431403041,0.0,0.0,0.0,0.0,0.0,-0.3382899612922444,-0.435705640534704,-0.7669942079358555,2.6258311234320413,2.766183450816827,2.2846284541645328,1.1833193584365076,2.1912785697309474,0.0,-0.5448125883647595,0.0,-0.3731336023288569,-0.3884663918790476,2.2729697439948504,2.242798480183779,1.912025884186738,2.4222794906040406,0.0,0.0,-0.6237799220451753,0.0,0.031053707000832716,-0.589577441748255,0.0,0.0,0.0,0.0,0.0,-0.5284002778598722,-0.647368178056402,1.9454565991147172,2.8554734930922034,-0.3333333333333333,-0.14231180529003482,0.42395040214296875,0.1132978854234315,-0.4534590992174368,-0.4895920429493754,2.8817494170579536,-0.35765292636007634,-0.34207796691448994,-0.33336517853998926,0.0,1.824254856524689,2.7003788208574053,2.6871386602944507,2.6469096606456617,2.5832529710241463,2.4978285138844485,2.4211601685794495,-0.7027130243276581,-0.4348779571372534,-0.3410521502910285,2.2186653589761165,2.7890870379288186,0.9456660067519312,-0.41499771856773426,-0.19505391818794543,2.1912785697309474,2.331348028343931,1.303211666232907,2.3738254230119167,-0.1744128084536952,-2.3561401053301907,-0.693687295882507,0.0,0.0,0.0,0.5770925017349617,2.324257037611123,2.2186653589761165,2.2186653589761165,2.2269491346065693,2.1045118879345215,1.11594629735166,0.049044592359722854,0.4417136280023606,2.2847469115703682,0.0,2.573353577059765,1.2247448713915892,0.5151535785135758,0.0,2.312835181928219,-0.3333333333333333,2.031066810590529,-0.3632612873491999,2.65115467544218,0.0,-0.3334770362556608,-0.483206760492059,-0.772381501863763,1.0536195326428535,2.732285718461607,2.5881702856002304,0.08341245525047773,-0.24722015891442997,-0.3279498381948446,-0.3494397483619649,-0.36400673015241714,2.2186653589761165,0.0,0.3766896802033797,1.4988941333646442,2.6467792023667536,1.7809441095646412,1.9854773090918763,2.0984285011066772,2.622632910005312,1.0946613294450622,0.2349723688740351,0.0,0.07716046354970975,-0.3300441876236252,2.4335643549008834,0.5329562013988486,-0.33333333333333337,-0.27276910515980707,0.0,0.45714439920786054,2.310175096139009,1.8476477806599256,2.4195743109948036,0.0,0.0,-0.3333333333333333,-0.3333333333333333,0.0,0.0,0.0,0.0,2.2704144362557774,2.0803046687223223,2.609541178582348,-0.3622698857851997,-0.37649475654531817,2.3004561721211765,2.613325017993786,2.8681156852922354,2.8629478960163275,-0.5730065545180384,-0.3861249433055963,0.0,0.0,2.8488168456602123,1.536821436180774,1.5719211468110832,1.9842741437168605,2.4247530384145595,2.1758803726835496,1.8911794528795278,2.199365511008548,2.0736786824598124,0.6945446902846787,2.6411945554147236,2.885739358130475,2.987295686160979,0.0,0.0
-0.4946032816099426,-0.3333333333333333,1.5275252357485085,-0.3227179309662099,0.0,0.0,0.0,0.0,0.0,-0.3382899612922444,-0.20988615720983123,0.44804010167765995,-0.5988541775333911,-0.5803952681576914,-0.6581341889050947,-0.7079196282932263,-0.4986308517325619,0.0,0.2676272363897064,0.0,-0.29173553116058576,-0.2947473388361349,-0.4651775434602255,-0.5026763318018884,-0.3617307034334228,-0.37949523454728207,0.0,0.0,-0.6237799220451753,0.0,-0.5432271758912782,0.3582446035691031,0.0,0.0,0.0,0.0,0.0,-0.727314615002283,-0.8948714812523754,-0.802238353746173,0.4265182541325022,-0.3333333333333333,-0.32827334841553835,0.1438455252969605,0.3847193169278408,-0.44863618568538255,-0.5203822065203086,-0.5494740456636108,0.6114549788932451,-0.34207796691448994,-0.33336517853998926,0.0,-0.38688796686885574,-0.35659944551391815,-0.3921534135215251,-0.5479131471212058,-0.7189136574099284,-0.8154703516410039,-0.855475527357974,-0.7085262707091065,-0.31048268794820655,-0.27299696715896205,-0.4527776733554814,-0.2257408039218213,-0.5840288153385219,-0.5421928107179547,-0.6285070697167131,-0.4986308517325619,-0.4451464710459767,-0.675934019896428,0.056336277020777814,0.5566615410306729,0.05627225373190194,-0.2855018061949043,0.0,0.0,0.0,-1.206130778476462,-0.49459669606774914,-0.4527776733554814,-0.4527776733554814,-0.47431551989328097,-0.6765878871741451,-0.5357941717064744,1.5642094456856288,-1.00713564934962,-0.45765585033863143,0.0,-0.4261604513418887,1.2247448713915892,1.256662517283117,0.0,-0.5118315431736891,-0.3333333333333333,0.00785567290809725,-0.3178536264305499,0.24064452129128644,0.0,-0.3334770362556608,0.20438398150821732,1.4228464378373136,-0.23621092566829519,-0.712869237233091,-0.8407805711601628,-0.5665905515742345,-0.36348340499528853,-0.3373576921390199,-0.34418501530389023,-0.36925178390101104,-0.4527776733554814,0.0,-0.12497303530445068,0.5132143028272771,-0.18780301303083302,-0.05863686699681836,-0.5195464188464078,-0.6783273148731295,-0.3670816862866973,0.2637216946491379,-0.963386712383544,0.0,-0.5996857079389725,-0.23103093133653763,-0.45384877192406076,-0.13905536126894374,-0.33333333333333337,-0.34753773502609964,0.0,-0.6857165988117907,-0.5115371698561314,0.342312345792588,-0.09426912899979752,0.0,0.0,-0.3333333333333333,-0.3333333333333333,0.0,0.0,0.0,0.0,-0.3251742811366132,-0.839291069555827,-0.6873615227584023,-0.09628560040333277,0.024335285004933573,-0.5618261249931223,-0.47428390729823894,0.16008003224380038,0.09440397661388121,0.24827233770664406,-0.3791869166579707,0.0,0.0,-0.4533045589315978,-1.0080863493562764,0.558703502773535,-0.10184003476704542,-0.6498725275093092,-0.7658339838893985,-0.7217367413999451,-0.8712182486278323,-0.9213386098744333,-0.1595430371186695,0.16555867201761765,-0.4520860242964299,-0.3708851274181473,0.0,0.0
-0.1279677102054694,-0.3333333333333333,1.5275252296035629,-0.052005317793671776,0.0,0.0,0.0,0.0,0.0,-0.3382899612922444,-0.4347679436083428,-0.33998437388833913,0.2577713281758478,-0.00022419931536424748,0.15275671002122357,-0.1764219585086027,0.08530256486525184,0.0,-0.5448125883647595,0.0,-0.3731336023288569,-0.3884663918790476,0.005974079778283078,0.012246895783144904,-0.06494223374977148,-0.04906105067210306,0.0,0.0,1.9736507768714795,0.0,0.4139076289289067,-0.5092535396027161,0.0,0.0,0.0,0.0,0.0,0.30017787449260963,1.6259500065587513,-0.5479822812436742,-0.051764014686743215,-0.3333333333333333,-0.39284764051921905,0.13217448876171017,1.3059072056700782,-0.3463611890268499,-0.38468480783187525,0.3775841006645674,-0.44518242242858674,-0.34207796691448994,-0.33336517853998926,0.0,-0.26657361998558216,-0.2272076387813198,-0.28419774306542334,-0.21453386269741856,-0.11084849492216384,0.09421959452983283,0.8061565599439442,0.7757639338477236,-0.4348779571372534,-0.3410521502910285,-0.008416104306037031,-0.4856397558054972,-0.5519260908455429,-0.40550554751174767,1.3220321121627412,0.08530256486525184,-0.020774980628453676,-0.06422100439905236,-0.053841483154543734,-0.16900745281979968,0.05627225373190194,-0.2855018061949043,0.0,0.0,0.0,1.306500581031469,-0.12796978661661487,-0.008416104306037031,-0.008416104306037031,-0.018848006676594108,0.290418248791895,-0.4203117985179928,1.3920316214440487,1.7753975757763059,-0.007610826759647244,0.0,0.02270807149723684,1.2247448713915892,-0.3824625052600791,0.0,-0.01122677422441997,-0.3333333333333333,0.04415663683347992,-0.2724459655118999,-0.06829101279887864,0.0,-0.3334770362556608,-0.483206760492059,-0.6733877375489024,-0.09117143365216265,0.05673010929800893,0.025533942224446382,-0.25521866687712447,-0.32109179551658656,-0.3279498381948446,-0.3494397483619649,-0.36925178390101104,-0.008416104306037031,0.0,-0.46197234183971086,-0.32929415567672937,-0.4076215143236904,-0.13619055662505664,-0.2956219408932105,-0.24128949132006802,0.4045049328839986,0.746183391497386,1.339342502582,0.0,-0.06723338636787579,-0.1650220938118126,0.051774597112398735,-0.552152158267715,-0.33333333333333337,2.9992574109706425,0.0,-0.062337872619253665,-0.007683586928483501,-0.24374316793672376,-0.11239780765360474,0.0,0.0,-0.3333333333333333,-0.3333333333333333,0.0,0.0,0.0,0.0,0.17190824424302206,0.5677089814058455,0.8276259339140352,-0.3622698857851997,-0.37649475654531817,-0.41311716979018553,-0.035605135805576255,0.25761463852598,0.21548264411170132,-0.4713183326279397,-0.034851703721702834,0.0,0.0,-0.42316084350823835,-0.08988067741850571,-0.23227536556709835,-0.08127425342213934,0.27425707202978145,0.056236229195209236,-0.11986832612239474,-0.07082130592949562,0.0031179127193426727,-0.42926158454627444,-0.32467963217911877,-0.3428023078152413,-0.3627838296484561,0.0,0.0
